timestamp,symbol,asset_class,strategy_key,contract_symbol,direction,score,spot_price,entry_price,rsi,macd,volatility_20d,volume_rel_20d,sector_strength,market_trend,congress_score,news_sentiment,decision,label_good_trade,realized_return_5d
2025-12-03 13:11:47.968769+00:00,WBD,option,hybrid_aggressive,WBD260109C00030000,buy,5.5,24.53,16.0,,,0.0213167764106622,,,,,,enter,1.0,0.835
2025-12-03 13:11:51.229426+00:00,AAPL,option,hybrid_aggressive,AAPL260109C00200000,buy,5.0,286.09,7755.0,,,0.0098581835033557,,,,,,enter,0.0,-0.9642230818826564
2025-12-03 13:11:54.249996+00:00,CSCO,option,hybrid_aggressive,CSCO260109C00078000,buy,5.0,76.85,129.0,,,0.0183613618166572,,,,,,enter,0.0,-0.3857751937984496
2025-12-03 13:11:57.241056+00:00,GOOGL,option,hybrid_aggressive,GOOGL260109C00355000,buy,5.0,315.74,239.0,,,0.0245260205340653,,,,,,enter,1.0,0.3309205020920501
2025-12-03 13:12:00.398116+00:00,BAC,option,hybrid_aggressive,BAC260109C00054000,buy,4.5,53.17,107.0,,,0.0122316906366069,,,,,,enter,0.0,-0.49803738317757
2025-12-03 13:16:46.475338+00:00,WBD,option,hybrid_aggressive,WBD260109C00030000,buy,5.5,24.53,16.0,,,0.0213167764106622,,,,,,enter,1.0,0.835
2025-12-03 13:16:47.562426+00:00,AAPL,option,hybrid_aggressive,AAPL260109C00200000,buy,5.0,286.09,7755.0,,,0.0098581835033557,,,,,,enter,0.0,-0.9642230818826564
2025-12-03 13:16:48.630870+00:00,CSCO,option,hybrid_aggressive,CSCO260109C00078000,buy,5.0,76.85,129.0,,,0.0183613618166572,,,,,,enter,0.0,-0.3857751937984496
2025-12-03 13:16:49.809628+00:00,GOOGL,option,hybrid_aggressive,GOOGL260109C00355000,buy,5.0,315.74,239.0,,,0.0245260205340653,,,,,,enter,1.0,0.3309205020920501
2025-12-03 13:16:50.913026+00:00,BAC,option,hybrid_aggressive,BAC260109C00054000,buy,4.5,53.17,107.0,,,0.0122316906366069,,,,,,enter,0.0,-0.49803738317757
2025-12-03 13:28:46.623048+00:00,WBD,option,hybrid_aggressive,WBD260109C00030000,buy,5.5,24.53,16.0,,,0.0213167764106622,,,,,,enter,1.0,0.835
2025-12-03 13:28:49.760105+00:00,AAPL,option,hybrid_aggressive,AAPL260109C00200000,buy,5.0,286.09,7755.0,,,0.0098581835033557,,,,,,enter,0.0,-0.9642230818826564
2025-12-03 13:28:52.678996+00:00,CSCO,option,hybrid_aggressive,CSCO260109C00078000,buy,5.0,76.85,129.0,,,0.0183613618166572,,,,,,enter,0.0,-0.3857751937984496
2025-12-03 13:28:55.683362+00:00,GOOGL,option,hybrid_aggressive,GOOGL260109C00355000,buy,5.0,315.74,239.0,,,0.0245260205340653,,,,,,enter,1.0,0.3309205020920501
2025-12-03 13:28:58.711176+00:00,BAC,option,hybrid_aggressive,BAC260109C00054000,buy,4.5,53.17,107.0,,,0.0122316906366069,,,,,,enter,0.0,-0.49803738317757
2025-12-03 13:33:45.226202+00:00,WBD,option,hybrid_aggressive,WBD260109C00030000,buy,5.5,24.53,16.0,,,0.0213167764106622,,,,,,enter,1.0,0.835
2025-12-03 13:33:46.335293+00:00,AAPL,option,hybrid_aggressive,AAPL260109C00200000,buy,5.0,286.09,7755.0,,,0.0098581835033557,,,,,,enter,0.0,-0.9642230818826564
2025-12-03 13:33:47.465368+00:00,CSCO,option,hybrid_aggressive,CSCO260109C00078000,buy,5.0,76.85,129.0,,,0.0183613618166572,,,,,,enter,0.0,-0.3857751937984496
2025-12-03 13:33:48.626829+00:00,GOOGL,option,hybrid_aggressive,GOOGL260109C00355000,buy,5.0,315.74,239.0,,,0.0245260205340653,,,,,,enter,1.0,0.3309205020920501
2025-12-03 13:33:49.816283+00:00,BAC,option,hybrid_aggressive,BAC260109C00054000,buy,4.5,53.17,107.0,,,0.0122316906366069,,,,,,enter,0.0,-0.49803738317757
2025-12-03 13:38:45.309437+00:00,WBD,option,hybrid_aggressive,WBD260109C00030000,buy,5.5,24.53,16.0,,,0.0213167764106622,,,,,,enter,1.0,0.835
2025-12-03 13:38:46.547216+00:00,AAPL,option,hybrid_aggressive,AAPL260109C00200000,buy,5.0,286.09,7755.0,,,0.0098581835033557,,,,,,enter,0.0,-0.9642230818826564
2025-12-03 13:38:47.796043+00:00,CSCO,option,hybrid_aggressive,CSCO260109C00078000,buy,5.0,76.85,129.0,,,0.0183613618166572,,,,,,enter,0.0,-0.3857751937984496
2025-12-03 13:38:48.895130+00:00,GOOGL,option,hybrid_aggressive,GOOGL260109C00355000,buy,5.0,315.74,239.0,,,0.0245260205340653,,,,,,enter,1.0,0.3309205020920501
2025-12-03 13:38:50.038402+00:00,BAC,option,hybrid_aggressive,BAC260109C00054000,buy,4.5,53.17,107.0,,,0.0122316906366069,,,,,,enter,0.0,-0.49803738317757
2025-12-03 13:43:45.313939+00:00,WBD,option,hybrid_aggressive,WBD260109C00030000,buy,5.5,24.53,16.0,,,0.0213167764106622,,,,,,enter,1.0,0.835
2025-12-03 13:43:46.499070+00:00,AAPL,option,hybrid_aggressive,AAPL260109C00200000,buy,5.0,286.09,7755.0,,,0.0098581835033557,,,,,,enter,0.0,-0.9642230818826564
2025-12-03 13:43:47.512443+00:00,CSCO,option,hybrid_aggressive,CSCO260109C00078000,buy,5.0,76.85,129.0,,,0.0183613618166572,,,,,,enter,0.0,-0.3857751937984496
2025-12-03 13:43:48.602926+00:00,GOOGL,option,hybrid_aggressive,GOOGL260109C00355000,buy,5.0,315.74,239.0,,,0.0245260205340653,,,,,,enter,1.0,0.3309205020920501
2025-12-03 13:43:49.985401+00:00,BAC,option,hybrid_aggressive,BAC260109C00054000,buy,4.5,53.17,107.0,,,0.0122316906366069,,,,,,enter,0.0,-0.49803738317757
2025-12-03 13:48:45.455368+00:00,WBD,option,hybrid_aggressive,WBD260109C00030000,buy,5.5,24.53,16.0,,,0.0213167764106622,,,,,,enter,1.0,0.835
2025-12-03 13:48:46.649416+00:00,AAPL,option,hybrid_aggressive,AAPL260109C00200000,buy,5.0,286.09,7755.0,,,0.0098581835033557,,,,,,enter,0.0,-0.9642230818826564
2025-12-03 13:48:47.775208+00:00,CSCO,option,hybrid_aggressive,CSCO260109C00078000,buy,5.0,76.85,129.0,,,0.0183613618166572,,,,,,enter,0.0,-0.3857751937984496
2025-12-03 13:48:48.910398+00:00,GOOGL,option,hybrid_aggressive,GOOGL260109C00355000,buy,5.0,315.74,239.0,,,0.0245260205340653,,,,,,enter,1.0,0.3309205020920501
2025-12-03 13:48:50.089518+00:00,BAC,option,hybrid_aggressive,BAC260109C00054000,buy,4.5,53.17,107.0,,,0.0122316906366069,,,,,,enter,0.0,-0.49803738317757
2025-12-03 13:53:45.338179+00:00,WBD,option,hybrid_aggressive,WBD260109C00030000,buy,5.5,24.53,16.0,,,0.0213167764106622,,,,,,enter,1.0,0.835
2025-12-03 13:53:46.368811+00:00,AAPL,option,hybrid_aggressive,AAPL260109C00200000,buy,5.0,286.09,7755.0,,,0.0098581835033557,,,,,,enter,0.0,-0.9642230818826564
2025-12-03 13:53:47.373622+00:00,CSCO,option,hybrid_aggressive,CSCO260109C00078000,buy,5.0,76.85,129.0,,,0.0183613618166572,,,,,,enter,0.0,-0.3857751937984496
2025-12-03 13:53:48.415814+00:00,GOOGL,option,hybrid_aggressive,GOOGL260109C00355000,buy,5.0,315.74,239.0,,,0.0245260205340653,,,,,,enter,1.0,0.3309205020920501
2025-12-03 13:53:49.789006+00:00,BAC,option,hybrid_aggressive,BAC260109C00054000,buy,4.5,53.17,107.0,,,0.0122316906366069,,,,,,enter,0.0,-0.49803738317757
2025-12-03 13:58:45.320417+00:00,WBD,option,hybrid_aggressive,WBD260109C00030000,buy,5.5,24.53,16.0,,,0.0213167764106622,,,,,,enter,1.0,0.835
2025-12-03 13:58:46.419500+00:00,AAPL,option,hybrid_aggressive,AAPL260109C00200000,buy,5.0,286.09,7755.0,,,0.0098581835033557,,,,,,enter,0.0,-0.9642230818826564
2025-12-03 13:58:47.553807+00:00,CSCO,option,hybrid_aggressive,CSCO260109C00078000,buy,5.0,76.85,129.0,,,0.0183613618166572,,,,,,enter,0.0,-0.3857751937984496
2025-12-03 13:58:48.563530+00:00,GOOGL,option,hybrid_aggressive,GOOGL260109C00355000,buy,5.0,315.74,239.0,,,0.0245260205340653,,,,,,enter,1.0,0.3309205020920501
2025-12-03 13:58:49.604169+00:00,BAC,option,hybrid_aggressive,BAC260109C00054000,buy,4.5,53.17,107.0,,,0.0122316906366069,,,,,,enter,0.0,-0.49803738317757
2025-12-03 14:03:45.234559+00:00,WBD,option,hybrid_aggressive,WBD260109C00030000,buy,5.5,24.53,16.0,,,0.0213167764106622,,,,,,enter,1.0,0.835
2025-12-03 14:03:46.434232+00:00,AAPL,option,hybrid_aggressive,AAPL260109C00200000,buy,5.0,286.09,7755.0,,,0.0098581835033557,,,,,,enter,0.0,-0.9642230818826564
2025-12-03 14:03:47.479340+00:00,CSCO,option,hybrid_aggressive,CSCO260109C00078000,buy,5.0,76.85,129.0,,,0.0183613618166572,,,,,,enter,0.0,-0.3857751937984496
2025-12-03 14:03:48.582351+00:00,GOOGL,option,hybrid_aggressive,GOOGL260109C00355000,buy,5.0,315.74,239.0,,,0.0245260205340653,,,,,,enter,1.0,0.3309205020920501
2025-12-03 14:03:49.642476+00:00,BAC,option,hybrid_aggressive,BAC260109C00054000,buy,4.5,53.17,107.0,,,0.0122316906366069,,,,,,enter,0.0,-0.49803738317757
2025-12-03 14:08:45.243268+00:00,WBD,option,hybrid_aggressive,WBD260109C00030000,buy,5.5,24.53,16.0,,,0.0213167764106622,,,,,,enter,1.0,0.835
2025-12-03 14:08:46.319457+00:00,AAPL,option,hybrid_aggressive,AAPL260109C00200000,buy,5.0,286.09,7755.0,,,0.0098581835033557,,,,,,enter,0.0,-0.9642230818826564
2025-12-03 14:08:47.418615+00:00,CSCO,option,hybrid_aggressive,CSCO260109C00078000,buy,5.0,76.85,129.0,,,0.0183613618166572,,,,,,enter,0.0,-0.3857751937984496
2025-12-03 14:08:48.469723+00:00,GOOGL,option,hybrid_aggressive,GOOGL260109C00355000,buy,5.0,315.74,239.0,,,0.0245260205340653,,,,,,enter,1.0,0.3309205020920501
2025-12-03 14:08:49.528182+00:00,BAC,option,hybrid_aggressive,BAC260109C00054000,buy,4.5,53.17,107.0,,,0.0122316906366069,,,,,,enter,0.0,-0.49803738317757
2025-12-03 14:13:45.266722+00:00,WBD,option,hybrid_aggressive,WBD260109C00030000,buy,5.5,24.53,16.0,,,0.0213167764106622,,,,,,enter,1.0,0.835
2025-12-03 14:13:46.257397+00:00,AAPL,option,hybrid_aggressive,AAPL260109C00200000,buy,5.0,286.09,7755.0,,,0.0098581835033557,,,,,,enter,0.0,-0.9642230818826564
2025-12-03 14:13:47.532957+00:00,CSCO,option,hybrid_aggressive,CSCO260109C00078000,buy,5.0,76.85,129.0,,,0.0183613618166572,,,,,,enter,0.0,-0.3857751937984496
2025-12-03 14:13:48.518183+00:00,GOOGL,option,hybrid_aggressive,GOOGL260109C00355000,buy,5.0,315.74,239.0,,,0.0245260205340653,,,,,,enter,1.0,0.3309205020920501
2025-12-03 14:13:49.743235+00:00,BAC,option,hybrid_aggressive,BAC260109C00054000,buy,4.5,53.17,107.0,,,0.0122316906366069,,,,,,enter,0.0,-0.49803738317757
2025-12-03 14:18:45.380724+00:00,WBD,option,hybrid_aggressive,WBD260109C00030000,buy,5.5,24.53,16.0,,,0.0213167764106622,,,,,,enter,1.0,0.835
2025-12-03 14:18:46.419262+00:00,AAPL,option,hybrid_aggressive,AAPL260109C00200000,buy,5.0,286.09,7755.0,,,0.0098581835033557,,,,,,enter,0.0,-0.9642230818826564
2025-12-03 14:18:47.688237+00:00,CSCO,option,hybrid_aggressive,CSCO260109C00078000,buy,5.0,76.85,129.0,,,0.0183613618166572,,,,,,enter,0.0,-0.3857751937984496
2025-12-03 14:18:48.792675+00:00,GOOGL,option,hybrid_aggressive,GOOGL260109C00355000,buy,5.0,315.74,239.0,,,0.0245260205340653,,,,,,enter,1.0,0.3309205020920501
2025-12-03 14:18:49.949988+00:00,BAC,option,hybrid_aggressive,BAC260109C00054000,buy,4.5,53.17,107.0,,,0.0122316906366069,,,,,,enter,0.0,-0.49803738317757
2025-12-03 14:23:45.237963+00:00,WBD,option,hybrid_aggressive,WBD260109C00030000,buy,5.5,24.53,16.0,,,0.0213167764106622,,,,,,enter,1.0,0.835
2025-12-03 14:23:46.236876+00:00,AAPL,option,hybrid_aggressive,AAPL260109C00200000,buy,5.0,286.09,7755.0,,,0.0098581835033557,,,,,,enter,0.0,-0.9642230818826564
2025-12-03 14:23:47.496204+00:00,CSCO,option,hybrid_aggressive,CSCO260109C00078000,buy,5.0,76.85,129.0,,,0.0183613618166572,,,,,,enter,0.0,-0.3857751937984496
2025-12-03 14:23:48.501907+00:00,GOOGL,option,hybrid_aggressive,GOOGL260109C00355000,buy,5.0,315.74,239.0,,,0.0245260205340653,,,,,,enter,1.0,0.3309205020920501
2025-12-03 14:23:49.567597+00:00,BAC,option,hybrid_aggressive,BAC260109C00054000,buy,4.5,53.17,107.0,,,0.0122316906366069,,,,,,enter,0.0,-0.49803738317757
2025-12-03 14:28:46.410180+00:00,WBD,option,hybrid_aggressive,WBD260109C00030000,buy,5.5,24.53,16.0,,,0.0213167764106622,,,,,,enter,1.0,0.835
2025-12-03 14:28:48.666791+00:00,AAPL,option,hybrid_aggressive,AAPL260109C00200000,buy,5.0,286.09,7755.0,,,0.0098581835033557,,,,,,enter,0.0,-0.9642230818826564
2025-12-03 14:28:50.784421+00:00,CSCO,option,hybrid_aggressive,CSCO260109C00078000,buy,5.0,76.85,129.0,,,0.0183613618166572,,,,,,enter,0.0,-0.3857751937984496
2025-12-03 14:28:52.858337+00:00,GOOGL,option,hybrid_aggressive,GOOGL260109C00355000,buy,5.0,315.74,239.0,,,0.0245260205340653,,,,,,enter,1.0,0.3309205020920501
2025-12-03 14:28:54.959689+00:00,BAC,option,hybrid_aggressive,BAC260109C00054000,buy,4.5,53.17,107.0,,,0.0122316906366069,,,,,,enter,0.0,-0.49803738317757
2025-12-03 14:33:47.583511+00:00,AAPL,option,hybrid_aggressive,AAPL260109C00200000,buy,5.5,286.09,7755.0,,,0.0098946745052221,,,,,,enter,0.0,-0.9642230818826564
2025-12-03 14:33:49.815516+00:00,CSCO,option,hybrid_aggressive,CSCO260109C00078000,buy,5.5,76.85,129.0,,,0.0170581061499674,,,,,,enter,0.0,-0.3857751937984496
2025-12-03 14:33:50.979127+00:00,WBD,option,hybrid_aggressive,WBD260109C00030000,buy,5.0,24.53,16.0,,,0.0214624085743717,,,,,,enter,1.0,0.835
2025-12-03 14:33:56.918775+00:00,BAC,option,hybrid_aggressive,BAC260109C00054000,buy,4.5,53.17,107.0,,,0.0122995918297389,,,,,,enter,0.0,-0.49803738317757
2025-12-03 14:33:59.494344+00:00,GOOGL,option,hybrid_aggressive,GOOGL260109C00355000,buy,4.5,315.74,239.0,,,0.0236008275934641,,,,,,enter,1.0,0.3309205020920501
2025-12-03 17:33:50.443274+00:00,F,option,hybrid_aggressive,F260109P00008500,buy,4.5,13.135,2.0,,,0.0173147013359987,,,,,,enter,1.0,5.59
2025-12-03 18:38:50.493819+00:00,INTC,option,hybrid_aggressive,INTC260109P00031000,buy,4.5,43.545,54.0,,,0.0383844875020944,,,,,,enter,0.0,-0.2661111111111111
2025-12-03 20:33:52.497071+00:00,HBAN,option,hybrid_aggressive,HBAN260116C00017000,buy,4.5,17.01,32.0,,,0.0138881152867494,,,,,,enter,0.0,-0.46828125
2025-12-04 05:40:13.400034+00:00,CSCO,equity,hybrid_aggressive,,buy,5.5,77.77,77.77,,,0.0170200106840271,,,,,,enter,,
2025-12-04 05:40:16.208709+00:00,HBAN,equity,hybrid_aggressive,,buy,5.5,17.05,17.05,,,0.0140922995559842,,,,,,enter,,
2025-12-04 05:40:21.126155+00:00,BAC,equity,hybrid_aggressive,,buy,4.5,54.08,54.08,,,0.0128378623777955,,,,,,enter,,
2025-12-04 05:40:24.082284+00:00,GOOGL,equity,hybrid_aggressive,,buy,4.5,319.65,319.65,,,0.0236291432740695,,,,,,enter,,
2025-12-04 05:45:08.607864+00:00,CSCO,equity,hybrid_aggressive,,buy,5.5,77.77,77.77,,,0.0170200106840271,,,,,,enter,,
2025-12-04 05:45:09.947336+00:00,HBAN,equity,hybrid_aggressive,,buy,5.5,17.05,17.05,,,0.0140922995559842,,,,,,enter,,
2025-12-04 05:45:11.839530+00:00,BAC,equity,hybrid_aggressive,,buy,4.5,54.08,54.08,,,0.0128378623777955,,,,,,enter,,
2025-12-04 05:45:12.929928+00:00,GOOGL,equity,hybrid_aggressive,,buy,4.5,319.65,319.65,,,0.0236291432740695,,,,,,enter,,
2025-12-04 05:50:08.000244+00:00,CSCO,equity,hybrid_aggressive,,buy,5.5,77.77,77.77,,,0.0170200106840271,,,,,,enter,,
2025-12-04 05:50:09.172379+00:00,HBAN,equity,hybrid_aggressive,,buy,5.5,17.05,17.05,,,0.0140922995559842,,,,,,enter,,
2025-12-04 05:50:10.995258+00:00,BAC,equity,hybrid_aggressive,,buy,4.5,54.08,54.08,,,0.0128378623777955,,,,,,enter,,
2025-12-04 05:50:12.106544+00:00,GOOGL,equity,hybrid_aggressive,,buy,4.5,319.65,319.65,,,0.0236291432740695,,,,,,enter,,
2025-12-04 05:53:38.483996+00:00,CSCO,equity,hybrid_aggressive,,buy,5.5,77.77,77.77,,,0.0170200106840271,,,,,,enter,,
2025-12-04 05:53:41.329057+00:00,HBAN,equity,hybrid_aggressive,,buy,5.5,17.05,17.05,,,0.0140922995559842,,,,,,enter,,
2025-12-04 05:53:46.759301+00:00,BAC,equity,hybrid_aggressive,,buy,4.5,54.08,54.08,,,0.0128378623777955,,,,,,enter,,
2025-12-04 05:53:49.891689+00:00,GOOGL,equity,hybrid_aggressive,,buy,4.5,319.65,319.65,,,0.0236291432740695,,,,,,enter,,
2025-12-04 05:58:33.833558+00:00,CSCO,equity,hybrid_aggressive,,buy,5.5,77.77,77.77,,,0.0170200106840271,,,,,,enter,,
2025-12-04 05:58:35.135482+00:00,HBAN,equity,hybrid_aggressive,,buy,5.5,17.05,17.05,,,0.0140922995559842,,,,,,enter,,
2025-12-04 05:58:37.144765+00:00,BAC,equity,hybrid_aggressive,,buy,4.5,54.08,54.08,,,0.0128378623777955,,,,,,enter,,
2025-12-04 05:58:38.283098+00:00,GOOGL,equity,hybrid_aggressive,,buy,4.5,319.65,319.65,,,0.0236291432740695,,,,,,enter,,
2025-12-04 06:01:15.164996+00:00,CSCO,equity,hybrid_aggressive,,buy,5.5,77.77,77.77,,,0.0170200106840271,,,,,,enter,,
2025-12-04 06:01:17.995137+00:00,HBAN,equity,hybrid_aggressive,,buy,5.5,17.05,17.05,,,0.0140922995559842,,,,,,enter,,
2025-12-04 06:01:23.052888+00:00,BAC,equity,hybrid_aggressive,,buy,4.5,54.08,54.08,,,0.0128378623777955,,,,,,enter,,
2025-12-04 06:01:25.888928+00:00,GOOGL,equity,hybrid_aggressive,,buy,4.5,319.65,319.65,,,0.0236291432740695,,,,,,enter,,
2025-12-04 06:34:32.007929+00:00,AAPL,option,hybrid_aggressive,WBD260109C00030000,buy,5.0,284.16,,,,,,,,,,enter,,
2025-12-04 06:39:27.456644+00:00,AAPL,option,hybrid_aggressive,HBAN260116C00017000,buy,5.0,284.16,,,,,,,,,,enter,,
2025-12-04 07:22:38.097292+00:00,CSCO,equity,hybrid_aggressive,,buy,5.5,77.77,77.77,,,0.0170200106840271,,,,,,enter,,
2025-12-04 07:22:41.497307+00:00,HBAN,equity,hybrid_aggressive,,buy,5.5,17.05,17.05,,,0.0140922995559842,,,,,,enter,,
2025-12-04 07:24:50.639733+00:00,CSCO,equity,hybrid_aggressive,,buy,5.5,77.77,77.77,,,0.0170200106840271,,,,,,enter,,
2025-12-04 07:24:53.439701+00:00,HBAN,equity,hybrid_aggressive,,buy,5.5,17.05,17.05,,,0.0140922995559842,,,,,,enter,,
2025-12-04 07:26:32.591938+00:00,CSCO,equity,hybrid_aggressive,,buy,5.5,77.77,77.77,,,0.0170200106840271,,,,,,enter,,
2025-12-04 07:26:35.657069+00:00,HBAN,equity,hybrid_aggressive,,buy,5.5,17.05,17.05,,,0.0140922995559842,,,,,,enter,,
2025-12-04 07:26:37.637236+00:00,AAPL,option,hybrid_aggressive,,buy,5.0,284.16,,,,,,,,,,enter,,
2025-12-04 07:26:40.822452+00:00,BAC,equity,hybrid_aggressive,,buy,4.5,54.08,54.08,,,0.0128378623777955,,,,,,enter,,
2025-12-04 07:26:43.032524+00:00,GOOGL,option,hybrid_aggressive,,buy,4.5,319.65,,,,,,,,,,enter,,
2025-12-04 07:31:32.100115+00:00,CSCO,equity,hybrid_aggressive,,buy,5.5,77.77,77.77,,,0.0170200106840271,,,,,,enter,,
2025-12-04 07:31:34.687146+00:00,HBAN,equity,hybrid_aggressive,,buy,5.5,17.05,17.05,,,0.0140922995559842,,,,,,enter,,
2025-12-04 07:31:35.207286+00:00,AAPL,option,hybrid_aggressive,,buy,5.0,284.16,,,,,,,,,,enter,,
2025-12-04 07:31:36.992388+00:00,BAC,equity,hybrid_aggressive,,buy,4.5,54.08,54.08,,,0.0128378623777955,,,,,,enter,,
2025-12-04 07:31:37.651339+00:00,GOOGL,option,hybrid_aggressive,,buy,4.5,319.65,,,,,,,,,,enter,,
2025-12-04 07:32:05.959331+00:00,CSCO,equity,hybrid_aggressive,,buy,5.5,77.77,77.77,,,0.0170200106840271,,,,,,enter,,
2025-12-04 07:32:08.907378+00:00,HBAN,equity,hybrid_aggressive,,buy,5.5,17.05,17.05,,,0.0140922995559842,,,,,,enter,,
2025-12-04 07:32:11.919114+00:00,AAPL,option,hybrid_aggressive,AAPL260109C00200000,buy,5.0,284.16,7755.0,,,0.0100985362592442,,,,,,enter,,
2025-12-04 07:32:14.953877+00:00,BAC,equity,hybrid_aggressive,,buy,4.5,54.08,54.08,,,0.0128378623777955,,,,,,enter,,
2025-12-04 07:32:17.916898+00:00,GOOGL,option,hybrid_aggressive,GOOGL260109C00315000,buy,4.5,319.65,1620.0,,,0.0236291432740695,,,,,,enter,,
2025-12-04 07:34:51.890885+00:00,CSCO,equity,hybrid_aggressive,,buy,5.5,77.77,77.77,,,0.0170200106840271,,,,,,enter,,
2025-12-04 07:34:54.875234+00:00,HBAN,equity,hybrid_aggressive,,buy,5.5,17.05,17.05,,,0.0140922995559842,,,,,,enter,,
2025-12-04 07:34:57.735553+00:00,AAPL,option,hybrid_aggressive,AAPL260109C00200000,buy,5.0,284.16,7755.0,,,0.0100985362592442,,,,,,enter,,
2025-12-04 07:35:00.434898+00:00,BAC,equity,hybrid_aggressive,,buy,4.5,54.08,54.08,,,0.0128378623777955,,,,,,enter,,
2025-12-04 07:35:03.363526+00:00,GOOGL,option,hybrid_aggressive,GOOGL260109C00315000,buy,4.5,319.65,1620.0,,,0.0236291432740695,,,,,,enter,,
2025-12-04 07:39:50.330845+00:00,CSCO,equity,hybrid_aggressive,,buy,5.5,77.77,77.77,,,0.0170200106840271,,,,,,enter,,
2025-12-04 07:39:51.361806+00:00,HBAN,equity,hybrid_aggressive,,buy,5.5,17.05,17.05,,,0.0140922995559842,,,,,,enter,,
2025-12-04 07:39:52.488560+00:00,AAPL,option,hybrid_aggressive,AAPL260109C00200000,buy,5.0,284.16,7755.0,,,0.0100985362592442,,,,,,enter,,
2025-12-04 07:39:53.541858+00:00,BAC,equity,hybrid_aggressive,,buy,4.5,54.08,54.08,,,0.0128378623777955,,,,,,enter,,
2025-12-04 07:39:54.604518+00:00,GOOGL,option,hybrid_aggressive,GOOGL260109C00315000,buy,4.5,319.65,1620.0,,,0.0236291432740695,,,,,,enter,,
2025-12-04 07:44:50.177367+00:00,CSCO,equity,hybrid_aggressive,,buy,5.5,77.77,77.77,,,0.0170200106840271,,,,,,enter,,
2025-12-04 07:44:51.285608+00:00,HBAN,equity,hybrid_aggressive,,buy,5.5,17.05,17.05,,,0.0140922995559842,,,,,,enter,,
2025-12-04 07:44:52.322558+00:00,AAPL,option,hybrid_aggressive,AAPL260109C00200000,buy,5.0,284.16,7755.0,,,0.0100985362592442,,,,,,enter,,
2025-12-04 07:44:53.528028+00:00,BAC,equity,hybrid_aggressive,,buy,4.5,54.08,54.08,,,0.0128378623777955,,,,,,enter,,
2025-12-04 07:44:54.548350+00:00,GOOGL,option,hybrid_aggressive,GOOGL260109C00315000,buy,4.5,319.65,1620.0,,,0.0236291432740695,,,,,,enter,,
2025-12-04 07:49:50.526264+00:00,CSCO,equity,hybrid_aggressive,,buy,5.5,77.77,77.77,,,0.0170200106840271,,,,,,enter,,
2025-12-04 07:49:51.602075+00:00,HBAN,equity,hybrid_aggressive,,buy,5.5,17.05,17.05,,,0.0140922995559842,,,,,,enter,,
2025-12-04 07:49:52.779440+00:00,AAPL,option,hybrid_aggressive,AAPL260109C00200000,buy,5.0,284.16,7755.0,,,0.0100985362592442,,,,,,enter,,
2025-12-04 07:49:54.310509+00:00,BAC,equity,hybrid_aggressive,,buy,4.5,54.08,54.08,,,0.0128378623777955,,,,,,enter,,
2025-12-04 07:49:55.694572+00:00,GOOGL,option,hybrid_aggressive,GOOGL260109C00315000,buy,4.5,319.65,1620.0,,,0.0236291432740695,,,,,,enter,,
2025-12-04 07:54:50.223729+00:00,CSCO,equity,hybrid_aggressive,,buy,5.5,77.77,77.77,,,0.0170200106840271,,,,,,enter,,
2025-12-04 07:54:51.514845+00:00,HBAN,equity,hybrid_aggressive,,buy,5.5,17.05,17.05,,,0.0140922995559842,,,,,,enter,,
2025-12-04 07:54:52.698574+00:00,AAPL,option,hybrid_aggressive,AAPL260109C00200000,buy,5.0,284.16,7755.0,,,0.0100985362592442,,,,,,enter,,
2025-12-04 07:54:53.943361+00:00,BAC,equity,hybrid_aggressive,,buy,4.5,54.08,54.08,,,0.0128378623777955,,,,,,enter,,
2025-12-04 07:54:55.042940+00:00,GOOGL,option,hybrid_aggressive,GOOGL260109C00315000,buy,4.5,319.65,1620.0,,,0.0236291432740695,,,,,,enter,,
2025-12-04 07:59:50.217199+00:00,CSCO,equity,hybrid_aggressive,,buy,5.5,77.77,77.77,,,0.0170200106840271,,,,,,enter,,
2025-12-04 07:59:51.315321+00:00,HBAN,equity,hybrid_aggressive,,buy,5.5,17.05,17.05,,,0.0140922995559842,,,,,,enter,,
2025-12-04 07:59:52.572578+00:00,AAPL,option,hybrid_aggressive,AAPL260109C00200000,buy,5.0,284.16,7755.0,,,0.0100985362592442,,,,,,enter,,
2025-12-04 07:59:53.629952+00:00,BAC,equity,hybrid_aggressive,,buy,4.5,54.08,54.08,,,0.0128378623777955,,,,,,enter,,
2025-12-04 07:59:54.708575+00:00,GOOGL,option,hybrid_aggressive,GOOGL260109C00315000,buy,4.5,319.65,1620.0,,,0.0236291432740695,,,,,,enter,,
2025-12-04 08:34:53.207469+00:00,CSCO,equity,hybrid_aggressive,,buy,5.5,77.77,77.77,,,0.0170200106840271,,,,,,enter,,
2025-12-04 08:34:56.023060+00:00,HBAN,equity,hybrid_aggressive,,buy,5.5,17.05,17.05,,,0.0140922995559842,,,,,,enter,,
2025-12-04 08:34:58.494613+00:00,AAPL,option,hybrid_aggressive,AAPL260109C00200000,buy,5.0,284.16,7755.0,,,0.0100985362592442,,,,,,enter,,
2025-12-04 08:35:01.271466+00:00,BAC,equity,hybrid_aggressive,,buy,4.5,54.08,54.08,,,0.0128378623777955,,,,,,enter,,
2025-12-04 08:35:03.937441+00:00,GOOGL,option,hybrid_aggressive,GOOGL260109C00315000,buy,4.5,319.65,1620.0,,,0.0236291432740695,,,,,,enter,,
2025-12-04 14:10:04.085369+00:00,CSCO,equity,hybrid_aggressive,,buy,5.5,77.77,77.77,,,0.0170200106840271,,,,,,enter,,
2025-12-04 14:10:07.330512+00:00,HBAN,equity,hybrid_aggressive,,buy,5.5,17.05,17.05,,,0.0140922995559842,,,,,,enter,,
2025-12-04 14:10:10.462472+00:00,AAPL,option,hybrid_aggressive,AAPL260109C00200000,buy,5.0,284.16,7755.0,,,0.0100985362592442,,,,,,enter,,
2025-12-04 14:10:13.388366+00:00,BAC,equity,hybrid_aggressive,,buy,4.5,54.08,54.08,,,0.0128378623777955,,,,,,enter,,
2025-12-04 14:10:16.171513+00:00,GOOGL,option,hybrid_aggressive,GOOGL260109C00315000,buy,4.5,319.65,1620.0,,,0.0236291432740695,,,,,,enter,,
2025-12-04 14:15:01.909767+00:00,CSCO,equity,hybrid_aggressive,,buy,5.5,77.77,77.77,,,0.0170200106840271,,,,,,enter,,
2025-12-04 14:15:03.175428+00:00,HBAN,equity,hybrid_aggressive,,buy,5.5,17.05,17.05,,,0.0140922995559842,,,,,,enter,,
2025-12-04 14:15:04.275459+00:00,AAPL,option,hybrid_aggressive,AAPL260109C00200000,buy,5.0,284.16,7755.0,,,0.0100985362592442,,,,,,enter,,
2025-12-04 14:15:05.544868+00:00,BAC,equity,hybrid_aggressive,,buy,4.5,54.08,54.08,,,0.0128378623777955,,,,,,enter,,
2025-12-04 14:15:06.550489+00:00,GOOGL,option,hybrid_aggressive,GOOGL260109C00315000,buy,4.5,319.65,1620.0,,,0.0236291432740695,,,,,,enter,,
2025-12-04 14:20:02.128371+00:00,CSCO,equity,hybrid_aggressive,,buy,5.5,77.77,77.77,,,0.0170200106840271,,,,,,enter,,
2025-12-04 14:20:03.188149+00:00,HBAN,equity,hybrid_aggressive,,buy,5.5,17.05,17.05,,,0.0140922995559842,,,,,,enter,,
2025-12-04 14:20:04.298835+00:00,AAPL,option,hybrid_aggressive,AAPL260109C00200000,buy,5.0,284.16,7755.0,,,0.0100985362592442,,,,,,enter,,
2025-12-04 14:20:05.340948+00:00,BAC,equity,hybrid_aggressive,,buy,4.5,54.08,54.08,,,0.0128378623777955,,,,,,enter,,
2025-12-04 14:20:06.485108+00:00,GOOGL,option,hybrid_aggressive,GOOGL260109C00315000,buy,4.5,319.65,1620.0,,,0.0236291432740695,,,,,,enter,,
2025-12-04 14:25:02.027618+00:00,CSCO,equity,hybrid_aggressive,,buy,5.5,77.77,77.77,,,0.0170200106840271,,,,,,enter,,
2025-12-04 14:25:03.386679+00:00,HBAN,equity,hybrid_aggressive,,buy,5.5,17.05,17.05,,,0.0140922995559842,,,,,,enter,,
2025-12-04 14:25:04.547133+00:00,AAPL,option,hybrid_aggressive,AAPL260109C00200000,buy,5.0,284.16,7755.0,,,0.0100985362592442,,,,,,enter,,
2025-12-04 14:25:05.774440+00:00,BAC,equity,hybrid_aggressive,,buy,4.5,54.08,54.08,,,0.0128378623777955,,,,,,enter,,
2025-12-04 14:25:07.087808+00:00,GOOGL,option,hybrid_aggressive,GOOGL260109C00315000,buy,4.5,319.65,1620.0,,,0.0236291432740695,,,,,,enter,,
2025-12-04 14:30:02.075600+00:00,CSCO,equity,hybrid_aggressive,,buy,5.5,77.77,77.77,,,0.0170200106840271,,,,,,enter,,
2025-12-04 14:30:03.223348+00:00,HBAN,equity,hybrid_aggressive,,buy,5.5,17.05,17.05,,,0.0140922995559842,,,,,,enter,,
2025-12-04 14:30:04.321703+00:00,AAPL,option,hybrid_aggressive,AAPL260109C00200000,buy,5.0,284.16,7755.0,,,0.0100985362592442,,,,,,enter,,
2025-12-04 14:30:05.501114+00:00,BAC,equity,hybrid_aggressive,,buy,4.5,54.08,54.08,,,0.0128378623777955,,,,,,enter,,
2025-12-04 14:30:06.560846+00:00,GOOGL,option,hybrid_aggressive,GOOGL260109C00315000,buy,4.5,319.65,1620.0,,,0.0236291432740695,,,,,,enter,,
2025-12-04 14:35:03.647275+00:00,CSCO,equity,hybrid_aggressive,,buy,5.5,77.44,77.44,,,0.0170415206519972,,,,,,enter,,
2025-12-04 14:35:04.671983+00:00,HBAN,equity,hybrid_aggressive,,buy,5.5,17.065,17.065,,,0.0141046934032142,,,,,,enter,,
2025-12-04 14:35:06.522687+00:00,BAC,equity,hybrid_aggressive,,buy,4.5,54.595,54.595,,,0.0119129141950339,,,,,,enter,,
2025-12-04 14:40:04.325967+00:00,CSCO,equity,hybrid_aggressive,,buy,5.5,77.46,77.46,,,0.0170352948729239,,,,,,enter,,
2025-12-04 14:40:05.678735+00:00,HBAN,equity,hybrid_aggressive,,buy,5.5,17.04,17.04,,,0.0141343923398948,,,,,,enter,,
2025-12-04 14:40:07.670090+00:00,BAC,equity,hybrid_aggressive,,buy,4.5,54.575,54.575,,,0.0119010399428003,,,,,,enter,,
2025-12-04 14:45:03.847817+00:00,CSCO,equity,hybrid_aggressive,,buy,5.5,77.58,77.58,,,0.0170019771784355,,,,,,enter,,
2025-12-04 14:45:04.875571+00:00,HBAN,equity,hybrid_aggressive,,buy,5.5,17.055,17.055,,,0.0141156666422351,,,,,,enter,,
2025-12-04 14:45:06.842763+00:00,BAC,equity,hybrid_aggressive,,buy,4.5,54.54,54.54,,,0.0118816164350558,,,,,,enter,,
2025-12-04 14:50:03.813860+00:00,CSCO,equity,hybrid_aggressive,,buy,5.5,77.48,77.48,,,0.0170292610012893,,,,,,enter,,
2025-12-04 14:50:04.909712+00:00,HBAN,equity,hybrid_aggressive,,buy,5.5,17.005,17.005,,,0.0141886003527275,,,,,,enter,,
2025-12-04 14:50:06.857750+00:00,BAC,equity,hybrid_aggressive,,buy,4.5,54.405,54.405,,,0.0118230023933681,,,,,,enter,,
2025-12-04 14:55:03.867990+00:00,CSCO,equity,hybrid_aggressive,,buy,5.5,77.45,77.45,,,0.0170383837870267,,,,,,enter,,
2025-12-04 14:55:06.728315+00:00,BAC,equity,hybrid_aggressive,,buy,4.5,54.435,54.435,,,0.011833777660195,,,,,,enter,,
2025-12-04 15:00:03.868643+00:00,CSCO,equity,hybrid_aggressive,,buy,5.5,77.4,77.4,,,0.0170545470853097,,,,,,enter,,
2025-12-04 15:00:04.940280+00:00,HBAN,equity,hybrid_aggressive,,buy,5.5,17.015,17.015,,,0.0141716164945478,,,,,,enter,,
2025-12-04 15:00:06.843966+00:00,BAC,equity,hybrid_aggressive,,buy,4.5,54.57,54.57,,,0.01189815933269,,,,,,enter,,
2025-12-04 15:05:03.745873+00:00,CSCO,equity,hybrid_aggressive,,buy,5.5,77.6,77.6,,,0.0169970988178536,,,,,,enter,,
2025-12-04 15:05:04.760896+00:00,HBAN,equity,hybrid_aggressive,,buy,5.5,17.025,17.025,,,0.014155827337059,,,,,,enter,,
2025-12-04 15:05:06.550108+00:00,BAC,equity,hybrid_aggressive,,buy,4.5,54.46,54.46,,,0.011843741987113,,,,,,enter,,
2025-12-04 15:10:06.958421+00:00,CSCO,equity,hybrid_aggressive,,buy,5.5,77.44,77.44,,,0.0170415206519972,,,,,,enter,,
2025-12-04 15:10:09.102255+00:00,HBAN,equity,hybrid_aggressive,,buy,5.5,17.025,17.025,,,0.014155827337059,,,,,,enter,,
2025-12-04 15:10:12.801860+00:00,BAC,equity,hybrid_aggressive,,buy,4.5,54.57,54.57,,,0.01189815933269,,,,,,enter,,
2025-12-04 15:15:04.469581+00:00,BAC,equity,hybrid_aggressive,,buy,5.5,54.515,54.515,,,0.0118688034033821,,,,,,enter,,
2025-12-04 15:15:06.007578+00:00,WBD,equity,hybrid_aggressive,,buy,5.0,24.355,24.355,,,0.0214144688984569,,,,,,enter,,
2025-12-04 15:25:04.908478+00:00,BAC,equity,hybrid_aggressive,,buy,5.5,54.555,54.555,,,0.0118897289998163,,,,,,enter,,
2025-12-04 17:45:04.532734+00:00,BAC,equity,hybrid_aggressive,,buy,5.5,54.475,54.475,,,0.0118501493760804,,,,,,enter,,
2025-12-04 17:45:07.430764+00:00,CSCO,equity,hybrid_aggressive,,buy,5.5,77.615,77.615,,,0.0169935668287578,,,,,,enter,,
2025-12-04 17:45:10.617193+00:00,HBAN,equity,hybrid_aggressive,,buy,5.5,17.13,17.13,,,0.0140630016413846,,,,,,enter,,
2025-12-04 17:45:13.557872+00:00,WBD,equity,hybrid_aggressive,,buy,5.0,24.36,24.36,,,0.021407881600729,,,,,,enter,,
2025-12-04 18:05:22.327897+00:00,BAC,equity,hybrid_aggressive,,buy,5.5,54.51,54.51,,,0.0118663471912959,,,,,,enter,,
2025-12-04 18:05:25.165720+00:00,CSCO,equity,hybrid_aggressive,,buy,5.5,77.44,77.44,,,0.0170415206519972,,,,,,enter,,
2025-12-04 18:05:28.256985+00:00,HBAN,equity,hybrid_aggressive,,buy,5.5,17.145,17.145,,,0.0140607042993339,,,,,,enter,,
2025-12-04 18:05:31.273991+00:00,WBD,equity,hybrid_aggressive,,buy,5.0,24.365,24.365,,,0.0214013888698433,,,,,,enter,,
2025-12-04 18:06:43.039335+00:00,BAC,equity,hybrid_aggressive,,buy,5.5,54.49,54.49,,,0.0118568777277686,,,,,,enter,,
2025-12-04 18:06:46.114872+00:00,CSCO,equity,hybrid_aggressive,,buy,5.5,77.44,77.44,,,0.0170415206519972,,,,,,enter,,
2025-12-04 18:06:49.007949+00:00,HBAN,equity,hybrid_aggressive,,buy,5.5,17.14,17.14,,,0.0140611643232993,,,,,,enter,,
2025-12-04 18:06:52.122362+00:00,WBD,equity,hybrid_aggressive,,buy,5.0,24.365,24.365,,,0.0214013888698433,,,,,,enter,,
2025-12-04 18:11:38.360905+00:00,BAC,equity,hybrid_aggressive,,buy,5.5,54.485,54.485,,,0.0118545993145467,,,,,,enter,,
2025-12-04 18:11:39.578196+00:00,WBD,equity,hybrid_aggressive,,buy,5.0,24.315,24.315,,,0.0214705609792737,,,,,,enter,,
2025-12-04 18:11:40.764199+00:00,CSCO,equity,hybrid_aggressive,,buy,4.5,77.335,77.335,,,0.0170773458792967,,,,,,enter,,
2025-12-04 18:16:38.675140+00:00,BAC,equity,hybrid_aggressive,,buy,5.5,54.455,54.455,,,0.011841677606642,,,,,,enter,,
2025-12-04 18:16:39.974926+00:00,WBD,equity,hybrid_aggressive,,buy,5.0,24.305,24.305,,,0.0214855232982782,,,,,,enter,,
2025-12-04 18:16:41.171334+00:00,CSCO,equity,hybrid_aggressive,,buy,4.5,77.34,77.34,,,0.0170755205856374,,,,,,enter,,
2025-12-04 18:21:38.239488+00:00,BAC,equity,hybrid_aggressive,,buy,5.5,54.465,54.465,,,0.0118458420882245,,,,,,enter,,
2025-12-04 18:21:39.519108+00:00,WBD,equity,hybrid_aggressive,,buy,5.0,24.305,24.305,,,0.0214855232982782,,,,,,enter,,
2025-12-04 18:21:40.993032+00:00,CSCO,equity,hybrid_aggressive,,buy,4.5,77.365,77.365,,,0.0170665728380678,,,,,,enter,,
2025-12-04 18:26:38.607571+00:00,BAC,equity,hybrid_aggressive,,buy,5.5,54.48,54.48,,,0.0118523565239086,,,,,,enter,,
2025-12-04 18:26:39.694581+00:00,WBD,equity,hybrid_aggressive,,buy,5.0,24.315,24.315,,,0.0214705609792737,,,,,,enter,,
2025-12-04 18:26:40.726435+00:00,CSCO,equity,hybrid_aggressive,,buy,4.5,77.385,77.385,,,0.0170596293287339,,,,,,enter,,
2025-12-08 15:09:21.523083+00:00,PFE,equity,hybrid_aggressive,,buy,5.5,25.875,25.875,,,0.0174436239536494,,,,,,enter,,
,BAC,equity,hybrid_aggressive,,buy,5.0,53.68,53.68,,,0.0112536873216719,,,,,,enter,,
,BAC,equity,hybrid_aggressive,,buy,5.0,53.695,53.695,,,0.0112564600742166,,,,,,enter,,
